eeg_id,seizure_vote,lpd_vote,gpd_vote,lrda_vote,grda_vote,other_vote
3911565283.0,0.13333333333333333,0.06666666666666667,0.19999999999999998,0.26666666666666666,0.3333333333333333,0.0
,0.07692307692307693,0.15384615384615385,0.07692307692307693,0.3846153846153846,0.3076923076923077,0.0
,0.23076923076923078,0.30769230769230776,0.15384615384615388,0.07692307692307694,0.23076923076923078,0.0
,0.26666666666666666,0.19999999999999998,0.3333333333333333,0.13333333333333333,0.06666666666666667,0.0
,0.2631578947368421,0.2631578947368421,0.2105263157894737,0.15789473684210525,0.10526315789473685,0.0
